{
  "i_r1": 0.432712215320911,
  "i_r5": 0.7501725327812284,
  "i_r10": 0.873015873015873,
  "i_medr": 2.0,
  "i_meanr": 5.901311249137336,
  "t_r1": 0.4161490683229814,
  "t_r5": 0.7329192546583851,
  "t_r10": 0.8378191856452726,
  "t_medr": 2.0,
  "t_meanr": 6.527950310559007
}