{
  "i_r1": 0.4140786749482402,
  "i_r5": 0.7322291235334714,
  "i_r10": 0.8571428571428571,
  "i_medr": 2.0,
  "i_meanr": 6.495514147688061,
  "t_r1": 0.3947550034506556,
  "t_r5": 0.704623878536922,
  "t_r10": 0.8343685300207039,
  "t_medr": 2.0,
  "t_meanr": 6.849551414768806
}