{
  "i_r1": 0.3326432022084196,
  "i_r5": 0.6528640441683919,
  "i_r10": 0.7791580400276052,
  "i_medr": 3.0,
  "i_meanr": 8.936507936507937,
  "t_r1": 0.34299516908212563,
  "t_r5": 0.6521739130434783,
  "t_r10": 0.7763975155279503,
  "t_medr": 3.0,
  "t_meanr": 9.052449965493444
}