{
  "i_r1": 0.37612146307798483,
  "i_r5": 0.7032436162870945,
  "i_r10": 0.8295376121463078,
  "i_medr": 2.0,
  "i_meanr": 7.2146307798481715,
  "t_r1": 0.36438923395445133,
  "t_r5": 0.6749482401656315,
  "t_r10": 0.7998619737750172,
  "t_medr": 2.0,
  "t_meanr": 7.663906142167011
}