{
  "i_r1": 0.4492753623188406,
  "i_r5": 0.7556935817805382,
  "i_r10": 0.8702553485162181,
  "i_medr": 2.0,
  "i_meanr": 5.715665976535542,
  "t_r1": 0.42581090407177363,
  "t_r5": 0.7342995169082126,
  "t_r10": 0.8454106280193237,
  "t_medr": 2.0,
  "t_meanr": 6.358178053830228
}