{
  "i_r1": 0.533471359558316,
  "i_r5": 0.8067632850241546,
  "i_r10": 0.906832298136646,
  "i_medr": 1.0,
  "i_meanr": 4.0690131124913735,
  "t_r1": 0.5355417529330573,
  "t_r5": 0.8184955141476881,
  "t_r10": 0.8923395445134575,
  "t_medr": 1.0,
  "t_meanr": 4.680469289164941
}